{"schema":{"nick":{"type":"String"},"ip":{"type":"String"},"updatedAt":{"type":"Date"},"ACL":{"type":"ACL"},"objectId":{"type":"String"},"mail":{"type":"String"},"ua":{"type":"String"},"insertedAt":{"type":"Date"},"createdAt":{"type":"Date"},"title":{"type":"String"},"pid":{"type":"String"},"xid":{"type":"String"},"link":{"type":"String"},"comment":{"type":"String"},"url":{"type":"String"},"QQAvatar":{"type":"String"},"rid":{"type":"String"}},"permissions":{"create":{"*":true},"find":{"*":true},"get":{"*":true},"update":{"*":true},"delete":{"*":true},"add_fields":{"*":true}},"indexes":[]}