{"schema":{"updatedAt":{"type":"Date","comment":"","hidden":true},"ACL":{"type":"ACL"},"name":{"type":"String","v":2,"required":false,"comment":"配置项名称","hidden":true,"read_only":false},"objectId":{"type":"String"},"value":{"type":"String","v":2,"required":false,"comment":"配置项值","hidden":false,"read_only":false},"createdAt":{"type":"Date","comment":"","hidden":true},"type":{"type":"String","v":2,"required":false,"hidden":false,"read_only":false,"comment":""},"tag":{"type":"String","v":2,"required":false,"hidden":true,"read_only":false}},"permissions":{"create":{"*":true},"find":{"*":true},"get":{"*":true},"update":{"*":true},"delete":{"*":true},"add_fields":{"*":true}},"indexes":[]}