{"schema":{"amount":{"type":"Number","v":2,"required":false,"auto_increment":false,"comment":"金额","hidden":false,"read_only":false},"remark":{"type":"String","v":2,"required":false,"hidden":false,"read_only":false},"payMethod":{"type":"Number","v":2,"required":false,"auto_increment":false,"comment":"支付方式","hidden":false,"read_only":false},"updatedAt":{"type":"Date"},"ACL":{"type":"ACL"},"objectId":{"type":"String"},"createdAt":{"type":"Date"},"donatedAt":{"type":"Date","v":2,"required":false,"hidden":false,"read_only":false},"uname":{"type":"String","v":2,"required":false,"hidden":false,"read_only":false},"usite":{"type":"String","v":2,"required":false,"hidden":false,"read_only":false}}}